מספר חוזה,מספר שורה,סעיף,תיאור,יחידת מידה,כמות,מחיר יחידה,הנחה,כולל התייקרות,הערות
C-1001,1,08.01.001,לוחות חשמל ראשיים 3 פאזות,יח,5,85000,0,כן,
C-1001,2,08.02.005,חיווט ותשתית תאורה,מטר,1200,500,0,כן,
C-1001,3,08.03.010,גנרטור גיבוי 250kVA,יח,1,400000,0,לא,
C-1002,1,02.01.001,חפירות וביסוס,מ"ק,2500,450,0,לא,
C-1002,2,02.02.005,יציקת בטון לקירות,מ"ק,1800,950,0,כן,
C-1002,3,02.03.010,פלדת זיון מחוברת,טון,135,4200,0,כן,
C-1003,1,08.01.001,לוחות מערכות,יח,3,120000,0,כן,
C-1003,2,08.02.020,BMS מרכזי,קומפ,1,580000,15000,לא,
C-1003,3,08.04.001,תקשורת ורשת,מטר,800,180,0,כן,
